Index,Borrower_ID
0,024373e6-5892-5c8e-9caf-4d2c91828c5e
1,038e5682-0441-43d9-a773-35f937e985e2
2,04605791-4fd4-4420-856a-084b56509dd3
3,04bb834c-08be-4d58-a976-82ce882f78b7
4,055656f6-5b01-584e-8c65-b11d16fa6cf3
5,05d84f68-377e-5669-bad1-f631ec120f61
6,06af0253-267c-5f68-9954-e3a01ebe2a79
7,06dd886d-d73c-4223-87ac-45e94b79f90f
8,0732aa38-8bf8-587b-b47d-ebf84aad9adc
9,079691be-1739-5f59-808d-dc7a3438e6e0
10,08e16fe1-05af-52cc-8512-031e81ddc009
11,0cebf071-8e3f-4b1f-9c2e-bb0e48ba5f8e
12,0d126817-3b03-5f5c-87d4-47881ed41f49
13,0dd03b51-53af-5916-b9cd-3931ab056073
14,0fbb5c82-fb42-4a51-8209-aa3d75be5587
15,11882668-aad6-5e41-811b-4540074ba066
16,11b51a7a-90b9-58b1-976b-433d632beb2c
17,13c191fa-c21b-4243-b81d-a7d75ff09c23
18,14520d11-cc5b-4785-8b97-df588b7dfa03
19,15c9fe26-172d-45f8-981f-bc4f0ff65676
20,169f3387-c50f-5715-8b44-ea9b24114bd4
21,199837f8-fad6-5d91-9d96-e58f9fb628b1
22,1b8d3ec4-6c94-4403-b442-3b706ede4a11
23,1ce2c638-bf9d-548c-a1f9-1f33e5381478
24,21889067-6c46-5470-83b3-ab56f4970577
25,218b1b85-f105-5173-a191-17572ee20152
26,22e40abe-9fb0-4d48-849b-245a577eb785
27,257926ac-e7d9-5386-b3e4-681f1e7e39ab
28,26324d3a-7b7f-5fe8-b6b9-ad89ea2d5917
29,283b649e-6bcb-4a73-8079-d9bf729b1b7a
30,290787d8-b2ee-40d8-b28c-94307b938438
31,29d8688f-4a12-57a2-9a96-50f18dc33c1f
32,2a2a3999-699f-487e-8f9e-9cdbeb21c663
33,2a4522c8-ef58-5f05-83bd-9a95c006d365
34,2b452aa3-5476-51b1-86d9-519bc68eaed1
35,2f423a17-97dd-59fc-936e-9146a45bc038
36,2f478bbf-6692-5e21-958e-42c4a8cbc354
37,30f07b0c-74fd-5830-a7bd-2c928efe9fee
38,3123c081-c03d-512d-bdc8-4fb376b49ef1
39,32a3d3d1-2a15-5be3-a994-3588b7e31cc8
40,32c5dc02-e5d7-5f9e-9982-2cb5d66fa84d
41,39a78b4d-457a-5d43-b65e-ca6aa9340967
42,3ae38f9b-04d4-4fd6-aa3b-22edb3f94f37
43,4620ebbf-188f-5320-8303-2bb431192c27
44,48faeded-8508-4670-848b-d7bde48fafb1
45,4ab42151-f40e-51bf-a879-981bae791980
46,4c8a1f3a-189a-5fda-b25d-4cdd792c64e0
47,4cfa920d-51da-57a1-b299-fe2711fee9ea
48,4cfe6a30-3039-5e32-ae3f-21aeb4a32c89
49,4e2ba92f-d214-5eab-ae3e-43c8ee21e6c7
50,4ee926ca-066a-5671-a6ec-614904bc14a1
51,50d2125d-e2fe-5f7e-b3c7-3eee85c9281c
52,50dadd89-5826-4ec5-bf6c-2b1016c243dd
53,530f3746-821e-50f5-a275-f640e521ef72
54,540556c3-5a11-578c-b6f4-2e72e41a78d6
55,5438dd90-103e-44ef-9396-38d4034a295a
56,54e12ea5-0579-513d-937a-45ed963b4ba2
57,569b1681-b27a-5843-be53-f6ea2b2bc9d1
58,5988b84d-3e3f-5ff8-8a18-64ab64f6db6f
59,5ccf4e7d-31b8-4afa-8c5d-70c5bef1fbfc
60,5eb172d2-e1b6-53b8-a01e-96dce43d53ca
61,5ed4773e-3b5a-50b8-8957-7739ffde35db
62,656be29f-762a-5463-a3f3-e581e329c380
63,65e770a4-cfad-5345-abb5-3af29f861831
64,66d8e40c-2d02-575f-918c-33fcb489b26f
65,693e465b-9a7b-5d95-b58e-1f2418642211
66,6aca9161-2eb1-5666-9303-b0c3972bc4ae
67,6ad3a676-2e79-5274-884f-2b1d8814140d
68,6ba2ee82-4d72-5398-a7ce-e4822e9428c4
69,6bf241bd-a75e-54f1-80f6-4982bd61ecca
70,6e3578f7-92ff-44f3-a2a2-faba58f1dda7
71,74d93d3a-0cba-43ee-b919-5c15e2c82d17
72,751242ff-11cd-5575-b429-b0820c6f457f
73,75186046-b475-5f86-9d3a-907dd1aedace
74,7604eb91-5379-4758-befc-4988d1642651
75,795604cb-cf65-5a88-a174-da20f8fc0d97
76,7c31868c-c27f-5949-a369-3048deebdb43
77,7e8cbffd-e556-5954-a4bd-926bfa235cfd
78,7f074307-8e12-5571-b0c1-f41c2e627395
79,7ff40c04-522c-5179-86b4-d818092f8e32
80,800011d3-ce20-523d-a36b-cd9d1a00584b
81,8007a7dd-503f-533c-94cd-b754c331327d
82,808c0bbe-d27a-5f60-9eb6-05ebd7fa2fa3
83,812907aa-5a8b-537a-b1f1-3334b4d736ee
84,81674b05-f035-4bee-8b54-d0ed6fe6d36f
85,8420b4ef-9610-534d-9515-53f028e9b956
86,87987648-967f-50e7-b2f8-a9feeb97c6a0
87,8a583c13-ddaf-446a-97ec-5b7c63c19305
88,8a82d2b5-1064-5106-a4dd-85862bb7dbd4
89,8e56edf2-2832-5d19-9fa4-2e8eef6515c5
90,9112c640-68a3-4d45-9908-b4d13d07e4ef
91,932cfc5a-110a-5a48-a45d-f7e9bc49d331
92,9405cb2d-996b-5dbe-bed1-ea172a134805
93,9454e9e0-4a6f-5ba7-a5f0-5dff1375e9bb
94,94af6f76-e0a3-58db-83ff-99f3e3910090
95,96dc3e66-f7ee-52d8-85e3-e2d1cc9bbe37
96,96fdad05-d361-5a98-b7f0-dc6abdf429ac
97,9799026d-2a72-4fc0-aff7-b454efc11778
98,97d9caf5-85ca-57cf-835a-ed9affda26dd
99,97fe3a91-45d6-5d85-92a2-251ea2903740
100,97ff0ee1-264a-5248-98c1-48b07f11dd40
101,99b849d3-e533-5323-a0b3-0cb0ccbbf4c4
102,9b2cbec4-f2da-55b0-8d8a-52e67a457ae2
103,9b658e4d-bca7-58ef-8499-d01df8c3d3b8
104,9c7e93e8-c3cf-5aa8-8b96-c4fcc43163f9
105,a4df7989-74ad-5082-a432-5e7c6470edce
106,a7515b67-7f4a-597d-b9c0-6ba89e606b45
107,a94cf5a1-64ad-5a2d-abab-e97ccf23ceae
108,a95a47fc-87be-542a-8916-7177cdccd787
109,ab4cc32c-a272-5c03-807a-9f14d038220a
110,ac197003-6f14-5dda-8328-be951be0680b
111,ac8e1d7c-0ce9-5aee-8b7a-f9c8f3e752ad
112,ac9a43c3-053d-5bd8-b056-8db9dad5f2b5
113,ae34e2b2-5cf7-5670-bf30-d10ea5d7bb37
114,aed28710-e236-4634-bec0-3e864834e589
115,b064e0ff-fb9b-48e6-9624-0358d73f54aa
116,b086bd16-11a4-5312-995c-e5c709056206
117,b2d137af-d3d7-5c88-8b31-4db86d528ccf
118,b55e1f2f-0202-41fc-9b16-12b80661574d
119,ba79fa6e-510e-54be-bc3c-1dd6be4bd012
120,bc0359f8-b052-52b3-97e0-3d88b0aa61f9
121,bc4d8cdf-dd72-522c-884d-56f89e8fbba7
122,bf6896df-bc80-5889-b0e9-0d71d4d5bff3
123,c02c64b4-94f6-5a96-8d49-46c8d36a761e
124,c161df90-baeb-5155-a13c-83b9051453b2
125,c34bff2e-f8d6-5609-8ead-041edf71e81f
126,c3b5ec87-4fa7-4848-bb5f-75dff7d3618a
127,c4e01508-2087-4729-8342-6a5072015806
128,c53a8973-51dc-567d-9a21-f740b66f2c5c
129,c54e9204-cfe9-5460-93db-3c222ca887a2
130,c8e5e7c8-55db-49df-839f-7bc77b020d46
131,c9fccf8a-1f17-5c23-830b-e617b776e683
132,cbc9063d-3da7-4636-8914-ba48d26c3e5c
133,cc6e2bf0-8c69-49d1-a976-86d2becaa8df
134,cd90177d-71cd-4b13-bad9-6c88e0511914
135,cf42591b-72f4-5ce1-a693-43fa5652aa08
136,d62964ce-3640-5f32-9f5b-0bdf631c2722
137,d6dd75ce-3696-5ee8-bcb4-819d1ecc4db5
138,d85105b2-666a-505b-a3ff-a2d9b922f2d6
139,d8609785-4bcb-5ceb-8206-fcc6a781e72a
140,d91ad8bb-9b60-4312-b5f2-abd9ca6ffa12
141,d9d49469-16c8-5a6b-a6c4-30615f9fe21a
142,dbf595f3-61e4-4137-ac60-a4f6920a4988
143,e14d004b-0243-5b3b-9124-c752a3c7a25b
144,e2a86bd4-6878-5aff-a93d-31be127933dd
145,e7821e54-0a54-5377-bcf7-40b83a677adb
146,ead41900-7897-48c8-8329-06c991840a3c
147,efcf8344-71ab-5c4d-8022-2a31c1d30f41
148,f04b1104-7750-51fe-8102-aa6b973efc17
149,f14761a0-222c-52a0-bb61-956c680fa9aa
150,f2fec5ac-990f-57b0-a906-dffc7f5be485
151,f3aa67e1-419b-47c2-8b3e-0eec739834c8
152,f429e960-f3cc-5aeb-8bfc-918fa0890d76
153,f6da591d-fdde-5706-a7b7-7a178b7bfa17
154,f7658320-2e75-549d-8bd9-053e3e20343f
155,f835d8c5-dcad-5eee-9621-f064a41b105a
156,f83a3ee9-473a-469a-a1d0-896ce21ec5dd
157,f88259b6-8359-5fab-9ff8-fcdce1068e29
158,fc0c6755-d421-5c71-879a-f4bda987b8f4
159,fd20ef4f-aec0-59b7-93a1-77814f5b9b00
160,ffa02eb7-a5ed-54b5-8f9a-8ea4db1bcf93
161,ffb3c959-74df-5977-9b65-f228807f9ce9
